Age,Sex,Job,Housing,Saving accounts,Checking account,Credit amount,Duration,Purpose,Risk,credit_duration_ratio
67,male,2,own,unknown,little,1169,6,radio/TV,good,194.83333333333334
22,female,2,own,little,moderate,5951,48,radio/TV,bad,123.97916666666667
49,male,1,own,little,unknown,2096,12,education,good,174.66666666666666
45,male,2,free,little,little,7882,42,furniture/equipment,good,187.66666666666666
53,male,2,free,little,little,4870,24,car,bad,202.91666666666666
35,male,1,free,unknown,unknown,9055,36,education,good,251.52777777777777
53,male,2,own,quite rich,unknown,2835,24,furniture/equipment,good,118.125
35,male,3,rent,little,moderate,6948,36,car,good,193.0
61,male,1,own,rich,unknown,3059,12,radio/TV,good,254.91666666666666
28,male,3,own,little,moderate,5234,30,car,bad,174.46666666666667
25,female,2,rent,little,moderate,1295,12,car,bad,107.91666666666667
24,female,2,rent,little,little,4308,48,business,bad,89.75
22,female,2,own,little,moderate,1567,12,radio/TV,good,130.58333333333334
60,male,1,own,little,little,1199,24,car,bad,49.958333333333336
28,female,2,rent,little,little,1403,15,car,good,93.53333333333333
32,female,1,own,moderate,little,1282,24,radio/TV,bad,53.416666666666664
53,male,2,own,unknown,unknown,2424,24,radio/TV,good,101.0
25,male,2,own,unknown,little,8072,30,business,good,269.06666666666666
44,female,3,free,little,moderate,12579,24,car,bad,524.125
31,male,2,own,quite rich,unknown,3430,24,radio/TV,good,142.91666666666666
48,male,2,own,little,unknown,2134,9,car,good,237.11111111111111
44,male,2,rent,quite rich,little,2647,6,radio/TV,good,441.1666666666667
48,male,1,rent,little,little,2241,10,car,good,224.1
44,male,2,own,moderate,moderate,1804,12,car,good,150.33333333333334
26,male,2,own,unknown,unknown,2069,10,furniture/equipment,good,206.9
36,male,1,own,little,little,1374,6,furniture/equipment,good,229.0
39,male,1,own,little,unknown,426,6,radio/TV,good,71.0
42,female,2,rent,rich,rich,409,12,radio/TV,good,34.083333333333336
34,male,2,own,little,moderate,2415,7,radio/TV,good,345.0
63,male,2,own,little,little,6836,60,business,bad,113.93333333333334
36,male,2,own,rich,moderate,1913,18,business,good,106.27777777777777
27,male,2,own,little,little,4020,24,furniture/equipment,good,167.5
30,male,2,own,moderate,moderate,5866,18,car,good,325.8888888888889
57,male,1,rent,unknown,unknown,1264,12,business,good,105.33333333333333
33,female,3,own,little,rich,1474,12,furniture/equipment,good,122.83333333333333
25,male,1,own,little,moderate,4746,45,radio/TV,bad,105.46666666666667
31,male,2,free,little,unknown,6110,48,education,good,127.29166666666667
37,male,2,own,little,rich,2100,18,radio/TV,bad,116.66666666666667
37,male,2,own,little,rich,1225,10,domestic appliances,good,122.5
24,male,2,own,little,moderate,458,9,radio/TV,good,50.888888888888886
30,male,3,own,quite rich,unknown,2333,30,radio/TV,good,77.76666666666667
26,male,2,own,quite rich,moderate,1158,12,radio/TV,good,96.5
44,male,1,own,little,moderate,6204,18,repairs,good,344.6666666666667
24,male,2,rent,moderate,little,6187,30,car,good,206.23333333333332
58,female,1,free,little,little,6143,48,car,bad,127.97916666666667
35,female,3,own,little,unknown,1393,11,car,good,126.63636363636364
39,male,2,own,quite rich,unknown,2299,36,radio/TV,good,63.861111111111114
23,female,0,rent,quite rich,little,1352,6,car,good,225.33333333333334
39,male,1,own,little,unknown,7228,11,car,good,657.0909090909091
28,female,2,own,moderate,unknown,2073,12,radio/TV,good,172.75
29,male,1,own,unknown,moderate,2333,24,furniture/equipment,good,97.20833333333333
30,male,3,own,little,moderate,5965,27,car,good,220.92592592592592
25,male,2,own,little,unknown,1262,12,radio/TV,good,105.16666666666667
31,male,2,own,unknown,unknown,3378,18,car,good,187.66666666666666
57,male,2,free,little,moderate,2225,36,car,bad,61.80555555555556
26,male,1,own,unknown,unknown,783,6,car,good,130.5
52,male,3,own,unknown,moderate,6468,12,radio/TV,bad,539.0
31,female,2,own,little,unknown,9566,36,radio/TV,good,265.72222222222223
23,female,3,own,little,rich,1961,18,car,good,108.94444444444444
23,female,1,rent,little,little,6229,36,furniture/equipment,bad,173.02777777777777
27,male,2,own,little,moderate,1391,9,business,good,154.55555555555554
50,male,2,own,unknown,moderate,1537,15,radio/TV,good,102.46666666666667
61,male,3,free,little,moderate,1953,36,business,bad,54.25
25,male,2,own,little,moderate,14421,48,business,bad,300.4375
26,female,2,own,little,unknown,3181,24,radio/TV,good,132.54166666666666
48,male,2,own,unknown,unknown,5190,27,repairs,good,192.22222222222223
29,female,2,own,little,unknown,2171,12,radio/TV,good,180.91666666666666
22,male,2,own,rich,moderate,1007,12,car,good,83.91666666666667
37,male,2,free,little,unknown,1819,36,education,bad,50.52777777777778
25,female,2,own,unknown,unknown,2394,36,radio/TV,good,66.5
30,female,2,own,little,unknown,8133,36,car,good,225.91666666666666
46,male,1,rent,unknown,unknown,730,7,radio/TV,good,104.28571428571429
51,male,3,free,little,little,1164,8,vacation/others,good,145.5
41,female,1,own,little,moderate,5954,42,business,good,141.76190476190476
40,male,3,own,unknown,little,1977,36,education,bad,54.916666666666664
66,male,3,free,little,little,1526,12,car,good,127.16666666666667
34,male,2,own,little,little,3965,42,radio/TV,bad,94.4047619047619
51,male,2,own,little,moderate,4771,11,radio/TV,good,433.72727272727275
39,male,1,own,unknown,unknown,9436,54,car,good,174.74074074074073
22,male,2,own,little,moderate,3832,30,furniture/equipment,good,127.73333333333333
44,female,2,own,unknown,unknown,5943,24,radio/TV,bad,247.625
47,male,2,own,quite rich,unknown,1213,15,radio/TV,good,80.86666666666666
24,female,1,rent,moderate,unknown,1568,18,business,good,87.11111111111111
58,female,1,own,little,little,1755,24,vacation/others,good,73.125
52,male,1,own,little,little,2315,10,radio/TV,good,231.5
29,female,3,own,little,unknown,1412,12,business,good,117.66666666666667
27,female,2,own,little,moderate,1295,18,furniture/equipment,good,71.94444444444444
47,male,2,free,moderate,moderate,12612,36,education,bad,350.3333333333333
30,male,3,own,moderate,little,2249,18,car,good,124.94444444444444
28,male,2,own,little,little,1108,12,repairs,bad,92.33333333333333
56,male,2,own,little,unknown,618,12,radio/TV,good,51.5
54,male,2,own,little,little,1409,12,car,good,117.41666666666667
33,female,1,own,unknown,unknown,797,12,radio/TV,bad,66.41666666666667
20,male,2,rent,unknown,rich,3617,24,furniture/equipment,good,150.70833333333334
54,male,2,own,rich,moderate,1318,12,car,good,109.83333333333333
58,male,2,rent,little,moderate,15945,54,business,bad,295.27777777777777
61,female,2,own,unknown,unknown,2012,12,education,good,167.66666666666666
34,male,2,own,moderate,moderate,2622,18,business,good,145.66666666666666
36,male,2,own,little,moderate,2337,36,radio/TV,good,64.91666666666667
36,male,3,rent,unknown,moderate,7057,20,car,good,352.85
41,male,1,rent,moderate,unknown,1469,24,car,good,61.208333333333336
24,male,2,rent,little,moderate,2323,36,radio/TV,good,64.52777777777777
24,female,2,own,little,unknown,932,6,radio/TV,good,155.33333333333334
35,male,2,rent,little,moderate,1919,9,furniture/equipment,good,213.22222222222223
26,male,2,rent,unknown,unknown,2445,12,car,good,203.75
39,male,3,own,little,moderate,11938,24,vacation/others,bad,497.4166666666667
39,male,3,own,little,unknown,6458,18,car,bad,358.77777777777777
32,male,2,own,little,moderate,6078,12,car,good,506.5
30,female,2,own,unknown,little,7721,24,furniture/equipment,good,321.7083333333333
35,male,2,own,quite rich,moderate,1410,14,business,good,100.71428571428571
31,male,2,own,moderate,moderate,1449,6,business,good,241.5
23,female,2,rent,little,rich,392,15,education,good,26.133333333333333
28,male,1,rent,little,moderate,6260,18,car,good,347.77777777777777
25,female,2,own,little,unknown,7855,36,car,bad,218.19444444444446
35,male,2,own,quite rich,little,1680,12,radio/TV,good,140.0
47,male,2,own,unknown,unknown,3578,48,radio/TV,good,74.54166666666667
30,female,3,own,unknown,little,7174,42,radio/TV,bad,170.8095238095238
27,female,2,rent,unknown,little,2132,10,furniture/equipment,good,213.2
23,female,2,own,quite rich,little,4281,33,furniture/equipment,bad,129.72727272727272
36,male,3,own,quite rich,moderate,2366,12,car,good,197.16666666666666
25,female,2,own,little,little,1835,21,radio/TV,bad,87.38095238095238
41,female,3,rent,little,unknown,3868,24,car,good,161.16666666666666
24,male,1,rent,little,unknown,1768,12,furniture/equipment,good,147.33333333333334
63,male,2,free,little,rich,781,10,car,good,78.1
27,female,2,rent,unknown,moderate,1924,18,furniture/equipment,bad,106.88888888888889
30,male,2,own,little,little,2121,12,car,good,176.75
40,male,1,own,little,little,701,12,radio/TV,good,58.416666666666664
30,male,2,own,little,moderate,639,12,repairs,bad,53.25
34,male,3,own,little,moderate,1860,12,car,good,155.0
29,female,2,own,little,little,3499,12,car,bad,291.5833333333333
24,female,2,own,unknown,moderate,8487,48,car,good,176.8125
29,male,2,own,little,little,6887,36,education,bad,191.30555555555554
27,male,1,own,little,unknown,2708,15,furniture/equipment,good,180.53333333333333
47,male,2,free,little,unknown,1984,18,furniture/equipment,good,110.22222222222223
21,female,2,own,moderate,unknown,10144,60,radio/TV,good,169.06666666666666
38,female,2,own,unknown,unknown,1240,12,radio/TV,good,103.33333333333333
27,male,2,own,rich,unknown,8613,27,car,good,319.0
66,male,1,own,quite rich,moderate,766,12,radio/TV,bad,63.833333333333336
35,male,2,own,unknown,moderate,2728,15,radio/TV,good,181.86666666666667
44,female,1,rent,little,rich,1881,12,radio/TV,good,156.75
27,male,0,own,rich,rich,709,6,car,good,118.16666666666667
30,female,3,own,little,moderate,4795,36,radio/TV,good,133.19444444444446
27,male,3,own,little,little,3416,27,radio/TV,good,126.51851851851852
22,male,2,own,little,little,2462,18,furniture/equipment,bad,136.77777777777777
23,female,2,own,little,unknown,2288,21,furniture/equipment,good,108.95238095238095
30,male,2,own,moderate,moderate,3566,48,business,good,74.29166666666667
39,female,2,own,little,little,860,6,car,good,143.33333333333334
51,female,2,own,moderate,unknown,682,12,car,good,56.833333333333336
28,male,2,own,little,little,5371,36,furniture/equipment,good,149.19444444444446
46,male,2,own,rich,unknown,1582,18,radio/TV,good,87.88888888888889
42,male,2,free,moderate,unknown,1346,6,radio/TV,good,224.33333333333334
38,male,2,own,little,unknown,1924,10,radio/TV,good,192.4
24,male,2,own,little,rich,5848,36,radio/TV,good,162.44444444444446
29,female,2,rent,rich,moderate,7758,24,car,good,323.25
36,male,3,rent,moderate,moderate,6967,24,business,good,290.2916666666667
20,female,2,rent,little,little,1282,12,furniture/equipment,bad,106.83333333333333
48,male,2,own,moderate,little,1288,9,repairs,good,143.11111111111111
45,male,1,own,little,little,339,12,education,good,28.25
38,male,2,own,moderate,moderate,3512,24,car,good,146.33333333333334
34,male,1,own,unknown,unknown,1898,6,radio/TV,good,316.3333333333333
36,male,2,own,moderate,unknown,2872,24,radio/TV,good,119.66666666666667
30,female,2,own,little,unknown,1055,18,car,good,58.611111111111114
36,male,2,own,quite rich,unknown,1262,15,domestic appliances,good,84.13333333333334
70,male,3,free,little,moderate,7308,10,car,good,730.8
36,male,2,own,quite rich,unknown,909,36,car,good,25.25
32,male,2,own,quite rich,unknown,2978,6,furniture/equipment,good,496.3333333333333
33,female,2,own,little,little,1131,18,furniture/equipment,bad,62.833333333333336
20,female,2,own,rich,moderate,1577,11,furniture/equipment,good,143.36363636363637
25,female,2,rent,little,unknown,3972,24,furniture/equipment,good,165.5
31,male,2,own,little,moderate,1935,24,business,bad,80.625
33,male,2,rent,little,little,950,15,car,bad,63.333333333333336
26,female,2,own,little,unknown,763,12,furniture/equipment,good,63.583333333333336
34,female,3,own,little,moderate,2064,24,furniture/equipment,bad,86.0
33,male,2,own,little,moderate,1414,8,radio/TV,good,176.75
26,male,2,own,little,little,3414,21,education,bad,162.57142857142858
53,female,3,own,unknown,unknown,7485,30,car,bad,249.5
42,male,2,own,little,little,2577,12,furniture/equipment,good,214.75
52,male,2,own,quite rich,little,338,6,radio/TV,good,56.333333333333336
31,male,3,rent,little,unknown,1963,12,radio/TV,good,163.58333333333334
65,male,2,own,little,little,571,21,car,good,27.19047619047619
28,male,2,own,little,unknown,9572,36,business,bad,265.8888888888889
30,male,3,own,little,moderate,4455,36,business,bad,123.75
40,male,1,own,unknown,little,1647,21,car,bad,78.42857142857143
50,male,2,own,rich,unknown,3777,24,furniture/equipment,good,157.375
36,male,2,own,little,moderate,884,18,car,bad,49.111111111111114
31,male,2,own,little,unknown,1360,15,radio/TV,good,90.66666666666667
74,female,3,free,little,moderate,5129,9,car,bad,569.8888888888889
68,male,0,free,little,moderate,1175,16,car,good,73.4375
20,male,2,own,moderate,little,674,12,radio/TV,bad,56.166666666666664
33,female,2,own,little,moderate,3244,18,furniture/equipment,good,180.22222222222223
54,male,3,own,rich,unknown,4591,24,business,bad,191.29166666666666
34,male,1,free,moderate,moderate,3844,48,business,bad,80.08333333333333
36,male,2,own,little,moderate,3915,27,business,bad,145.0
29,male,2,rent,little,unknown,2108,6,radio/TV,good,351.3333333333333
21,male,2,rent,moderate,moderate,3031,45,radio/TV,bad,67.35555555555555
34,female,3,own,little,moderate,1501,9,education,bad,166.77777777777777
28,female,2,own,little,unknown,1382,6,radio/TV,good,230.33333333333334
27,female,2,rent,moderate,moderate,951,12,furniture/equipment,bad,79.25
36,male,2,free,unknown,moderate,2760,24,car,good,115.0
40,male,3,own,little,moderate,4297,18,furniture/equipment,bad,238.72222222222223
52,male,2,own,quite rich,unknown,936,9,education,good,104.0
27,male,1,own,little,little,1168,12,car,good,97.33333333333333
26,male,2,own,little,unknown,5117,27,business,good,189.5185185185185
21,male,2,rent,little,little,902,12,education,bad,75.16666666666667
38,male,1,own,little,unknown,1495,12,car,good,124.58333333333333
38,male,3,free,little,little,10623,30,car,good,354.1
43,male,2,own,little,unknown,1935,12,furniture/equipment,good,161.25
26,male,2,own,little,moderate,1424,12,domestic appliances,good,118.66666666666667
21,male,1,own,little,little,6568,24,business,good,273.6666666666667
55,male,2,own,rich,unknown,1413,12,car,good,117.75
33,male,2,own,unknown,unknown,3074,9,radio/TV,good,341.55555555555554
45,female,1,own,unknown,unknown,3835,36,radio/TV,good,106.52777777777777
50,male,2,own,little,little,5293,27,business,bad,196.03703703703704
66,male,3,own,little,rich,1908,30,business,bad,63.6
51,male,2,own,unknown,unknown,3342,36,radio/TV,good,92.83333333333333
39,female,1,own,unknown,moderate,932,6,education,good,155.33333333333334
31,male,2,own,little,little,3104,18,business,good,172.44444444444446
23,male,2,own,little,rich,3913,36,radio/TV,good,108.69444444444444
24,male,1,rent,little,little,3021,24,furniture/equipment,good,125.875
64,female,2,own,little,unknown,1364,10,car,good,136.4
26,male,1,own,little,moderate,625,12,radio/TV,good,52.083333333333336
23,female,2,rent,unknown,little,1200,12,education,good,100.0
30,male,2,own,little,unknown,707,12,radio/TV,good,58.916666666666664
32,male,2,own,unknown,unknown,2978,24,business,good,124.08333333333333
30,male,2,own,little,unknown,4657,15,car,good,310.46666666666664
27,male,2,own,little,unknown,2613,36,repairs,good,72.58333333333333
27,male,2,own,rich,moderate,10961,48,radio/TV,bad,228.35416666666666
53,male,3,free,little,little,7865,12,furniture/equipment,bad,655.4166666666666
22,male,2,own,little,unknown,1478,9,radio/TV,bad,164.22222222222223
22,male,2,free,little,little,3149,24,furniture/equipment,good,131.20833333333334
26,male,2,own,little,rich,4210,36,radio/TV,bad,116.94444444444444
51,male,1,free,quite rich,unknown,2507,9,car,good,278.55555555555554
35,male,2,own,moderate,unknown,2141,12,radio/TV,good,178.41666666666666
25,male,1,own,little,moderate,866,18,radio/TV,good,48.111111111111114
42,male,1,own,little,unknown,1544,4,radio/TV,good,386.0
30,male,3,own,little,little,1823,24,radio/TV,bad,75.95833333333333
23,male,0,own,unknown,moderate,14555,6,car,bad,2425.8333333333335
61,male,1,rent,moderate,moderate,2767,21,business,bad,131.76190476190476
35,female,2,own,little,unknown,1291,12,radio/TV,good,107.58333333333333
39,male,2,own,little,little,2522,30,radio/TV,good,84.06666666666666
29,female,2,own,unknown,little,915,24,car,bad,38.125
51,male,2,own,little,unknown,1595,6,radio/TV,good,265.8333333333333
24,male,2,free,little,little,4605,48,car,bad,95.9375
27,female,2,own,little,unknown,1185,12,business,good,98.75
35,female,1,own,quite rich,unknown,3447,12,education,good,287.25
25,male,2,own,little,unknown,1258,24,business,good,52.416666666666664
52,male,2,own,little,unknown,717,12,radio/TV,good,59.75
35,male,2,rent,moderate,unknown,1204,6,car,good,200.66666666666666
26,male,2,own,little,rich,1925,24,furniture/equipment,good,80.20833333333333
22,female,2,rent,little,unknown,433,18,radio/TV,bad,24.055555555555557
39,female,1,own,rich,little,666,6,car,good,111.0
46,female,1,own,little,rich,2251,12,furniture/equipment,good,187.58333333333334
24,female,2,own,little,moderate,2150,30,car,bad,71.66666666666667
35,male,2,own,moderate,unknown,4151,24,furniture/equipment,good,172.95833333333334
24,male,2,own,unknown,moderate,2030,9,furniture/equipment,good,225.55555555555554
27,male,1,own,unknown,moderate,7418,60,radio/TV,good,123.63333333333334
35,male,1,own,little,unknown,2684,24,radio/TV,good,111.83333333333333
29,male,2,free,little,little,2149,12,radio/TV,bad,179.08333333333334
23,female,2,own,moderate,unknown,3812,15,car,good,254.13333333333333
57,female,1,own,moderate,unknown,1154,11,radio/TV,good,104.9090909090909
27,male,2,own,little,little,1657,12,furniture/equipment,good,138.08333333333334
55,female,2,own,little,little,1603,24,radio/TV,good,66.79166666666667
36,male,3,free,little,little,5302,18,car,good,294.55555555555554
57,female,1,free,little,unknown,2748,12,education,good,229.0
32,male,1,own,little,unknown,1231,10,car,good,123.1
37,male,2,own,little,moderate,802,15,radio/TV,bad,53.46666666666667
36,male,2,own,unknown,unknown,6304,36,business,good,175.11111111111111
38,female,2,own,little,unknown,1533,24,radio/TV,good,63.875
45,male,3,own,little,little,8978,14,car,bad,641.2857142857143
25,male,2,own,unknown,unknown,999,24,radio/TV,good,41.625
32,male,2,own,unknown,unknown,2662,18,car,good,147.88888888888889
37,female,2,rent,quite rich,unknown,1402,12,furniture/equipment,good,116.83333333333333
36,male,3,free,unknown,moderate,12169,48,car,good,253.52083333333334
28,male,2,own,little,moderate,3060,48,radio/TV,bad,63.75
34,male,1,own,little,little,11998,30,repairs,bad,399.93333333333334
32,male,2,own,little,unknown,2697,9,radio/TV,good,299.6666666666667
26,female,2,own,little,unknown,2404,18,radio/TV,good,133.55555555555554
49,male,1,own,unknown,little,1262,12,furniture/equipment,good,105.16666666666667
32,female,2,own,little,unknown,4611,6,furniture/equipment,bad,768.5
29,male,3,rent,moderate,unknown,1901,24,radio/TV,good,79.20833333333333
23,male,2,rent,rich,unknown,3368,15,car,good,224.53333333333333
50,male,2,own,little,unknown,1574,12,furniture/equipment,good,131.16666666666666
49,male,1,own,unknown,rich,1445,18,radio/TV,good,80.27777777777777
63,male,2,own,unknown,unknown,1520,15,furniture/equipment,good,101.33333333333333
37,male,2,own,moderate,moderate,3878,24,car,good,161.58333333333334
35,female,1,own,little,little,10722,47,car,good,228.12765957446808
26,male,2,own,little,little,4788,48,car,good,99.75
31,male,3,free,moderate,moderate,7582,48,vacation/others,good,157.95833333333334
49,female,2,own,little,moderate,1092,12,radio/TV,good,91.0
48,male,2,own,little,little,1024,24,radio/TV,bad,42.666666666666664
26,male,2,own,little,unknown,1076,12,business,good,89.66666666666667
28,male,3,rent,little,moderate,9398,36,car,bad,261.05555555555554
44,female,3,free,little,little,6419,24,car,good,267.4583333333333
56,male,2,free,little,rich,4796,42,car,good,114.19047619047619
46,male,3,own,unknown,unknown,7629,48,business,good,158.9375
26,female,2,own,little,moderate,9960,48,furniture/equipment,bad,207.5
20,female,2,rent,unknown,unknown,4675,12,car,good,389.5833333333333
45,male,1,own,unknown,unknown,1287,10,car,good,128.7
43,male,2,own,little,unknown,2515,18,furniture/equipment,good,139.72222222222223
32,male,2,own,rich,moderate,2745,21,furniture/equipment,good,130.71428571428572
54,female,0,own,little,unknown,672,6,car,good,112.0
42,female,2,own,little,moderate,3804,36,radio/TV,bad,105.66666666666667
37,male,1,own,unknown,rich,1344,24,car,bad,56.0
49,male,2,own,little,little,1038,10,car,good,103.8
44,male,2,free,quite rich,unknown,10127,48,car,bad,210.97916666666666
33,male,2,own,rich,unknown,1543,6,furniture/equipment,good,257.1666666666667
24,female,1,rent,unknown,unknown,4811,30,car,good,160.36666666666667
33,male,1,own,moderate,little,727,12,radio/TV,bad,60.583333333333336
24,female,2,own,little,moderate,1237,8,furniture/equipment,bad,154.625
22,male,1,rent,little,moderate,276,9,car,good,30.666666666666668
40,male,0,free,unknown,moderate,5381,48,vacation/others,good,112.10416666666667
25,male,2,own,moderate,unknown,5511,24,furniture/equipment,good,229.625
26,female,2,own,little,rich,3749,24,furniture/equipment,good,156.20833333333334
25,male,1,own,little,moderate,685,12,car,bad,57.083333333333336
29,male,1,own,unknown,rich,1494,4,car,good,373.5
31,male,2,own,little,little,2746,36,furniture/equipment,bad,76.27777777777777
38,male,1,own,little,little,708,12,furniture/equipment,good,59.0
48,female,1,own,unknown,moderate,4351,24,furniture/equipment,good,181.29166666666666
32,male,2,own,little,unknown,701,12,education,good,58.416666666666664
27,female,1,own,little,little,3643,15,furniture/equipment,good,242.86666666666667
28,male,3,own,little,moderate,4249,30,car,bad,141.63333333333333
32,male,2,own,little,little,1938,24,radio/TV,bad,80.75
34,male,3,free,little,little,2910,24,car,good,121.25
28,male,2,own,rich,little,2659,18,furniture/equipment,good,147.72222222222223
36,female,2,own,little,unknown,1028,18,car,good,57.111111111111114
39,male,1,own,little,little,3398,8,car,good,424.75
49,male,2,rent,unknown,unknown,5801,12,furniture/equipment,good,483.4166666666667
34,female,2,own,rich,unknown,1525,24,car,good,63.541666666666664
31,male,2,own,little,rich,4473,36,radio/TV,good,124.25
28,male,2,own,little,moderate,1068,6,radio/TV,good,178.0
75,male,3,free,little,little,6615,24,car,good,275.625
30,female,2,own,moderate,unknown,1864,18,education,bad,103.55555555555556
24,female,3,own,moderate,moderate,7408,60,car,bad,123.46666666666667
24,female,1,rent,moderate,unknown,11590,48,car,bad,241.45833333333334
23,male,2,rent,little,little,4110,24,furniture/equipment,bad,171.25
44,male,3,rent,little,little,3384,6,furniture/equipment,bad,564.0
23,female,1,own,little,moderate,2101,13,radio/TV,good,161.6153846153846
24,female,2,rent,unknown,little,1275,15,domestic appliances,bad,85.0
28,male,2,own,little,little,4169,24,furniture/equipment,good,173.70833333333334
31,male,1,own,little,moderate,1521,10,furniture/equipment,good,152.1
24,female,2,free,little,moderate,5743,24,education,good,239.29166666666666
26,female,1,rent,little,little,3599,21,furniture/equipment,good,171.38095238095238
25,male,2,rent,quite rich,moderate,3213,18,radio/TV,good,178.5
33,male,3,own,little,moderate,4439,18,business,good,246.61111111111111
37,male,1,own,little,rich,3949,10,car,good,394.9
43,female,1,own,little,unknown,1459,15,radio/TV,good,97.26666666666667
23,male,2,own,little,moderate,882,13,radio/TV,good,67.84615384615384
23,female,0,rent,quite rich,moderate,3758,24,radio/TV,good,156.58333333333334
34,male,1,own,moderate,unknown,1743,6,business,good,290.5
32,male,2,free,rich,moderate,1136,9,education,bad,126.22222222222223
23,female,2,rent,little,unknown,1236,9,domestic appliances,good,137.33333333333334
29,female,2,own,little,moderate,959,9,furniture/equipment,bad,106.55555555555556
38,male,3,own,unknown,unknown,3229,18,car,good,179.38888888888889
28,male,2,rent,little,little,6199,12,radio/TV,bad,516.5833333333334
46,male,2,free,quite rich,unknown,727,10,education,good,72.7
23,male,1,own,little,moderate,1246,24,car,bad,51.916666666666664
49,male,2,own,unknown,unknown,2331,12,radio/TV,good,194.25
26,male,3,own,little,unknown,4463,36,radio/TV,bad,123.97222222222223
28,male,2,own,little,unknown,776,12,radio/TV,good,64.66666666666667
23,female,2,rent,little,little,2406,30,furniture/equipment,bad,80.2
61,male,2,free,unknown,moderate,1239,18,education,good,68.83333333333333
37,male,3,own,unknown,rich,3399,12,radio/TV,good,283.25
36,female,2,own,little,rich,2247,12,car,good,187.25
21,male,2,rent,little,unknown,1766,6,furniture/equipment,good,294.3333333333333
25,male,0,own,little,little,2473,18,furniture/equipment,bad,137.38888888888889
36,male,2,own,little,unknown,1542,12,business,good,128.5
27,male,2,own,little,unknown,3850,18,car,good,213.88888888888889
22,female,2,rent,little,little,3650,18,furniture/equipment,good,202.77777777777777
42,male,2,own,little,little,3446,36,furniture/equipment,bad,95.72222222222223
40,female,2,rent,little,moderate,3001,18,furniture/equipment,good,166.72222222222223
36,male,2,own,unknown,unknown,3079,36,car,good,85.52777777777777
33,male,2,own,little,unknown,6070,18,radio/TV,good,337.22222222222223
23,female,2,rent,little,unknown,2146,10,furniture/equipment,good,214.6
63,male,3,free,unknown,unknown,13756,60,car,good,229.26666666666668
60,female,3,free,moderate,moderate,14782,60,vacation/others,bad,246.36666666666667
37,female,2,rent,little,little,7685,48,business,bad,160.10416666666666
34,male,2,own,little,unknown,2320,18,radio/TV,good,128.88888888888889
36,male,2,free,unknown,unknown,846,7,radio/TV,good,120.85714285714286
57,male,3,free,little,moderate,14318,36,car,bad,397.72222222222223
52,female,1,own,moderate,unknown,362,6,car,good,60.333333333333336
39,male,2,own,unknown,little,2212,20,furniture/equipment,good,110.6
38,female,3,free,little,moderate,12976,18,car,bad,720.8888888888889
25,female,2,rent,unknown,unknown,1283,22,car,good,58.31818181818182
26,male,2,own,little,rich,1330,12,car,good,110.83333333333333
26,male,1,own,moderate,unknown,4272,30,business,good,142.4
25,female,2,own,little,unknown,2238,18,radio/TV,good,124.33333333333333
21,female,2,rent,unknown,unknown,1126,18,radio/TV,good,62.55555555555556
40,male,3,own,little,moderate,7374,18,furniture/equipment,good,409.6666666666667
27,male,2,own,quite rich,moderate,2326,15,business,good,155.06666666666666
27,female,2,own,little,unknown,1449,9,business,good,161.0
30,male,3,own,little,unknown,1820,18,car,good,101.11111111111111
19,female,1,rent,rich,moderate,983,12,furniture/equipment,good,81.91666666666667
39,male,3,free,little,little,3249,36,car,good,90.25
31,female,2,own,little,little,1957,6,radio/TV,good,326.1666666666667
31,male,3,own,little,unknown,2406,9,furniture/equipment,good,267.3333333333333
32,male,2,rent,moderate,moderate,11760,39,education,good,301.53846153846155
55,female,3,free,little,little,2578,12,furniture/equipment,good,214.83333333333334
46,male,2,own,little,little,2348,36,furniture/equipment,good,65.22222222222223
46,male,2,rent,little,moderate,1223,12,car,bad,101.91666666666667
43,female,1,own,rich,unknown,1516,24,radio/TV,good,63.166666666666664
39,male,2,own,little,unknown,1473,18,radio/TV,good,81.83333333333333
28,male,2,own,unknown,moderate,1887,18,business,good,104.83333333333333
27,male,2,own,little,unknown,8648,24,business,bad,360.3333333333333
27,male,1,own,little,unknown,802,14,car,good,57.285714285714285
43,male,2,own,unknown,moderate,2899,18,car,good,161.05555555555554
22,male,2,own,little,moderate,2039,24,radio/TV,bad,84.95833333333333
43,male,2,own,unknown,unknown,2197,24,car,good,91.54166666666667
27,male,2,own,little,little,1053,15,radio/TV,good,70.2
26,male,3,own,quite rich,unknown,3235,24,radio/TV,good,134.79166666666666
28,male,2,own,quite rich,rich,939,12,car,bad,78.25
20,female,2,own,little,moderate,1967,24,radio/TV,good,81.95833333333333
35,male,3,own,little,unknown,7253,33,car,good,219.78787878787878
42,male,3,own,little,unknown,2292,12,business,bad,191.0
40,male,1,rent,quite rich,unknown,1597,10,car,good,159.7
35,female,2,own,unknown,little,1381,24,car,bad,57.541666666666664
35,male,2,own,little,unknown,5842,36,car,good,162.27777777777777
33,male,1,own,little,little,2579,12,car,bad,214.91666666666666
23,female,2,rent,unknown,little,8471,18,education,good,470.6111111111111
31,female,3,own,quite rich,unknown,2782,21,car,good,132.47619047619048
33,female,2,own,unknown,moderate,1042,18,car,bad,57.888888888888886
20,female,2,rent,rich,unknown,3186,15,car,good,212.4
30,male,2,own,unknown,moderate,2028,12,car,good,169.0
47,male,1,own,little,moderate,958,12,car,good,79.83333333333333
34,male,3,own,moderate,unknown,1591,21,furniture/equipment,good,75.76190476190476
25,female,2,own,unknown,moderate,2762,12,furniture/equipment,bad,230.16666666666666
21,male,2,rent,little,moderate,2779,18,car,good,154.38888888888889
29,male,2,own,little,unknown,2743,28,radio/TV,good,97.96428571428571
46,male,2,own,rich,unknown,1149,18,radio/TV,good,63.833333333333336
20,male,2,own,little,unknown,1313,9,furniture/equipment,good,145.88888888888889
55,female,0,free,little,little,1190,18,repairs,bad,66.11111111111111
74,male,1,own,little,unknown,3448,5,business,good,689.6
29,male,3,own,little,moderate,11328,24,vacation/others,bad,472.0
36,male,3,free,little,little,1872,6,furniture/equipment,good,312.0
33,male,2,own,little,unknown,2058,24,repairs,good,85.75
25,male,2,own,little,little,2136,9,furniture/equipment,good,237.33333333333334
25,male,2,own,unknown,moderate,1484,12,radio/TV,bad,123.66666666666667
23,male,1,rent,quite rich,unknown,660,6,repairs,good,110.0
37,female,2,own,rich,unknown,1287,24,car,good,53.625
65,male,0,own,little,little,3394,42,repairs,good,80.80952380952381
26,female,0,own,little,rich,609,12,business,bad,50.75
39,male,3,own,little,unknown,1884,12,car,good,157.0
30,female,2,own,little,little,1620,12,furniture/equipment,good,135.0
29,male,2,own,little,moderate,2629,20,vacation/others,good,131.45
41,male,1,own,little,unknown,719,12,education,bad,59.916666666666664
30,female,3,own,little,moderate,5096,48,furniture/equipment,bad,106.16666666666667
41,female,1,rent,unknown,unknown,1244,9,education,good,138.22222222222223
34,female,2,own,little,little,1842,36,car,bad,51.166666666666664
35,male,2,own,little,moderate,2576,7,radio/TV,good,368.0
55,female,3,own,unknown,rich,1424,12,furniture/equipment,good,118.66666666666667
61,male,2,own,rich,moderate,1512,15,repairs,bad,100.8
30,male,3,own,unknown,unknown,11054,36,car,good,307.05555555555554
29,female,2,own,little,unknown,518,6,radio/TV,good,86.33333333333333
34,male,2,own,little,unknown,2759,12,furniture/equipment,good,229.91666666666666
35,male,3,own,little,unknown,2670,24,car,good,111.25
31,male,2,own,little,little,4817,24,car,bad,200.70833333333334
29,female,3,own,little,unknown,2679,24,car,good,111.625
36,male,2,rent,little,little,3905,11,car,good,355.0
35,male,2,free,little,little,3386,12,car,bad,282.1666666666667
27,female,2,own,little,little,343,6,domestic appliances,good,57.166666666666664
32,male,2,own,little,unknown,4594,18,radio/TV,good,255.22222222222223
37,male,2,own,little,little,3620,36,furniture/equipment,good,100.55555555555556
36,male,2,own,little,little,1721,15,car,good,114.73333333333333
34,female,3,rent,little,moderate,3017,12,furniture/equipment,good,251.41666666666666
38,male,2,own,unknown,moderate,754,12,education,good,62.833333333333336
34,male,2,own,little,unknown,1950,18,business,good,108.33333333333333
63,male,2,own,little,little,2924,24,car,good,121.83333333333333
29,female,1,rent,little,little,1659,24,radio/TV,bad,69.125
32,male,2,own,unknown,unknown,7238,48,radio/TV,good,150.79166666666666
26,female,2,own,little,unknown,2764,33,business,good,83.75757575757575
35,male,1,own,little,unknown,4679,24,car,good,194.95833333333334
22,male,2,rent,moderate,moderate,3092,24,radio/TV,bad,128.83333333333334
23,female,2,own,little,little,448,6,education,bad,74.66666666666667
28,male,1,own,little,little,654,9,car,bad,72.66666666666667
36,male,3,own,unknown,unknown,1238,6,education,good,206.33333333333334
33,male,2,own,little,moderate,1245,18,radio/TV,bad,69.16666666666667
26,female,2,rent,little,little,3114,18,furniture/equipment,bad,173.0
24,male,2,own,quite rich,unknown,2569,39,car,good,65.87179487179488
25,male,2,own,little,rich,5152,24,radio/TV,good,214.66666666666666
39,male,1,own,moderate,moderate,1037,12,business,good,86.41666666666667
44,male,2,own,little,little,1478,15,furniture/equipment,good,98.53333333333333
23,female,1,own,little,moderate,3573,12,radio/TV,good,297.75
26,male,2,own,little,moderate,1201,24,car,good,50.041666666666664
57,female,2,rent,rich,little,3622,30,furniture/equipment,good,120.73333333333333
30,female,2,own,rich,unknown,960,15,furniture/equipment,good,64.0
44,male,2,own,quite rich,unknown,1163,12,car,good,96.91666666666667
47,male,3,own,little,moderate,1209,6,car,bad,201.5
52,male,2,own,little,unknown,3077,12,radio/TV,good,256.4166666666667
62,female,2,free,little,unknown,3757,24,car,good,156.54166666666666
35,male,1,rent,moderate,unknown,1418,10,car,good,141.8
26,male,2,rent,little,unknown,3518,6,car,good,586.3333333333334
26,male,2,own,little,unknown,1934,12,radio/TV,good,161.16666666666666
42,female,3,free,little,moderate,8318,27,business,bad,308.0740740740741
27,female,2,own,moderate,unknown,1237,6,radio/TV,good,206.16666666666666
38,male,2,own,unknown,moderate,368,6,radio/TV,good,61.333333333333336
39,male,1,rent,little,little,2122,12,car,good,176.83333333333334
20,male,2,own,unknown,little,2996,24,furniture/equipment,bad,124.83333333333333
29,male,3,rent,moderate,moderate,9034,36,furniture/equipment,bad,250.94444444444446
40,male,2,own,little,unknown,1585,24,furniture/equipment,good,66.04166666666667
32,male,1,own,little,moderate,1301,18,radio/TV,good,72.27777777777777
28,male,2,own,moderate,rich,1323,6,car,good,220.5
27,female,2,own,little,little,3123,24,car,bad,130.125
42,male,2,free,little,little,5493,36,car,good,152.58333333333334
49,male,2,own,moderate,rich,1126,9,radio/TV,good,125.11111111111111
38,male,2,own,moderate,moderate,1216,24,radio/TV,bad,50.666666666666664
24,female,2,rent,little,little,1207,24,car,bad,50.291666666666664
27,male,1,own,unknown,unknown,1309,10,car,bad,130.9
36,male,2,own,quite rich,rich,2360,15,car,good,157.33333333333334
34,male,3,own,moderate,moderate,6850,15,car,bad,456.6666666666667
28,male,2,own,little,unknown,1413,24,radio/TV,good,58.875
45,male,3,own,moderate,unknown,8588,39,car,good,220.2051282051282
26,male,2,own,little,little,759,12,car,bad,63.25
32,male,3,free,little,unknown,4686,36,car,good,130.16666666666666
26,male,2,rent,little,rich,2687,15,business,good,179.13333333333333
20,male,2,rent,little,moderate,585,12,radio/TV,good,48.75
54,male,2,own,unknown,unknown,2255,24,car,good,93.95833333333333
37,female,2,own,little,little,609,6,car,good,101.5
40,male,1,own,little,little,1361,6,car,good,226.83333333333334
23,female,2,rent,little,unknown,7127,36,furniture/equipment,bad,197.97222222222223
43,male,2,own,moderate,little,1203,6,car,good,200.5
36,male,2,free,unknown,unknown,700,6,radio/TV,good,116.66666666666667
44,male,2,free,little,unknown,5507,24,repairs,good,229.45833333333334
24,female,2,own,little,little,3190,18,radio/TV,bad,177.22222222222223
53,male,2,free,little,little,7119,48,furniture/equipment,bad,148.3125
23,female,2,own,moderate,unknown,3488,24,car,good,145.33333333333334
26,female,1,own,little,moderate,1113,18,radio/TV,good,61.833333333333336
30,male,2,own,little,moderate,7966,26,car,good,306.38461538461536
31,female,2,own,moderate,unknown,1532,15,education,good,102.13333333333334
42,male,1,own,little,unknown,1503,4,radio/TV,good,375.75
31,male,2,rent,little,little,2302,36,radio/TV,bad,63.94444444444444
41,male,1,own,little,little,662,6,car,good,110.33333333333333
32,male,2,own,little,moderate,2273,36,education,good,63.138888888888886
28,female,2,rent,moderate,moderate,2631,15,car,bad,175.4
41,male,2,rent,little,unknown,1503,12,car,good,125.25
26,male,2,own,moderate,unknown,1311,24,radio/TV,good,54.625
25,male,2,own,unknown,unknown,3105,24,radio/TV,good,129.375
33,male,2,rent,little,rich,2319,21,education,bad,110.42857142857143
75,female,3,own,unknown,little,1374,6,car,good,229.0
37,female,2,own,little,moderate,3612,18,furniture/equipment,good,200.66666666666666
42,male,3,free,little,little,7763,48,car,bad,161.72916666666666
45,female,1,own,little,rich,3049,18,furniture/equipment,good,169.38888888888889
23,male,2,rent,little,moderate,1534,12,radio/TV,bad,127.83333333333333
60,male,2,free,little,unknown,2032,24,car,good,84.66666666666667
31,male,2,own,unknown,little,6350,30,furniture/equipment,bad,211.66666666666666
34,male,1,own,little,rich,2864,18,furniture/equipment,bad,159.11111111111111
61,male,1,own,little,unknown,1255,12,car,good,104.58333333333333
43,male,2,free,little,little,1333,24,car,bad,55.541666666666664
37,female,2,own,little,unknown,2022,24,car,good,84.25
32,male,2,own,little,unknown,1552,24,radio/TV,good,64.66666666666667
24,female,1,own,little,little,626,12,radio/TV,bad,52.166666666666664
35,male,2,free,unknown,unknown,8858,48,car,good,184.54166666666666
23,female,2,own,unknown,unknown,996,12,repairs,good,83.0
45,male,1,own,quite rich,unknown,1750,6,radio/TV,good,291.6666666666667
34,male,2,own,little,little,6999,48,radio/TV,bad,145.8125
27,male,2,own,moderate,moderate,1995,12,car,good,166.25
67,female,3,own,little,moderate,1199,9,education,good,133.22222222222223
22,male,2,own,little,moderate,1331,12,radio/TV,bad,110.91666666666667
28,female,2,own,moderate,moderate,2278,18,car,bad,126.55555555555556
29,female,2,own,unknown,unknown,5003,21,car,bad,238.23809523809524
27,male,2,own,little,little,3552,24,furniture/equipment,bad,148.0
31,male,1,own,little,moderate,1928,18,furniture/equipment,bad,107.11111111111111
49,male,2,free,unknown,little,2964,24,car,good,123.5
24,male,1,rent,little,little,1546,24,radio/TV,bad,64.41666666666667
29,female,2,own,little,rich,683,6,radio/TV,good,113.83333333333333
37,male,2,free,unknown,moderate,12389,36,car,bad,344.1388888888889
37,male,3,own,unknown,moderate,4712,24,business,good,196.33333333333334
23,female,2,rent,moderate,moderate,1553,24,radio/TV,good,64.70833333333333
36,male,2,own,little,little,1372,12,car,bad,114.33333333333333
34,male,2,own,rich,unknown,2578,24,radio/TV,good,107.41666666666667
41,male,2,own,unknown,moderate,3979,48,radio/TV,good,82.89583333333333
31,female,2,own,little,little,6758,48,radio/TV,bad,140.79166666666666
23,female,1,rent,little,little,3234,24,furniture/equipment,bad,134.75
38,male,2,own,little,unknown,5954,30,radio/TV,good,198.46666666666667
26,female,3,rent,unknown,unknown,5433,24,car,good,226.375
22,female,1,own,little,little,806,15,business,good,53.733333333333334
27,male,1,own,little,moderate,1082,9,radio/TV,good,120.22222222222223
24,female,2,own,little,unknown,2788,15,furniture/equipment,good,185.86666666666667
27,female,2,own,little,moderate,2930,12,radio/TV,good,244.16666666666666
33,female,2,own,unknown,unknown,1927,24,education,good,80.29166666666667
27,male,2,own,little,moderate,2820,36,car,bad,78.33333333333333
27,male,1,own,little,unknown,937,24,education,good,39.041666666666664
30,male,2,own,little,moderate,1056,18,car,bad,58.666666666666664
49,male,1,own,little,moderate,3124,12,car,good,260.3333333333333
26,female,2,rent,little,unknown,1388,9,furniture/equipment,good,154.22222222222223
33,male,1,rent,little,moderate,2384,36,repairs,bad,66.22222222222223
52,female,3,free,unknown,unknown,2133,12,car,good,177.75
20,female,2,rent,little,little,2039,18,furniture/equipment,bad,113.27777777777777
36,male,2,rent,little,little,2799,9,car,good,311.0
21,male,1,own,little,little,1289,12,furniture/equipment,good,107.41666666666667
47,male,1,own,little,little,1217,18,domestic appliances,bad,67.61111111111111
60,male,2,own,little,little,2246,12,furniture/equipment,bad,187.16666666666666
58,female,1,own,little,little,385,12,radio/TV,good,32.083333333333336
42,female,2,rent,unknown,moderate,1965,24,car,good,81.875
36,female,1,own,rich,unknown,1572,21,business,good,74.85714285714286
20,female,1,rent,little,moderate,2718,24,car,bad,113.25
40,male,3,own,unknown,little,1358,24,vacation/others,bad,56.583333333333336
32,female,1,own,moderate,moderate,931,6,car,bad,155.16666666666666
23,female,2,rent,little,little,1442,24,car,bad,60.083333333333336
36,male,1,own,little,moderate,4241,24,business,bad,176.70833333333334
31,male,2,own,little,unknown,2775,18,car,bad,154.16666666666666
32,male,2,free,little,unknown,3863,24,business,good,160.95833333333334
45,female,2,own,little,moderate,2329,7,radio/TV,good,332.7142857142857
30,female,2,own,little,moderate,918,9,furniture/equipment,bad,102.0
34,female,1,free,little,moderate,1837,24,education,bad,76.54166666666667
28,female,3,own,little,unknown,3349,36,furniture/equipment,bad,93.02777777777777
23,female,2,own,little,rich,1275,10,furniture/equipment,good,127.5
22,male,2,own,quite rich,little,2828,24,furniture/equipment,good,117.83333333333333
74,male,3,own,little,unknown,4526,24,business,good,188.58333333333334
50,female,2,free,moderate,moderate,2671,36,radio/TV,bad,74.19444444444444
33,male,2,own,little,unknown,2051,18,radio/TV,good,113.94444444444444
45,male,2,free,unknown,unknown,1300,15,car,good,86.66666666666667
22,female,2,own,moderate,little,741,12,domestic appliances,bad,61.75
48,female,1,free,moderate,rich,1240,10,car,bad,124.0
29,female,2,own,rich,little,3357,21,radio/TV,good,159.85714285714286
22,female,2,rent,little,little,3632,24,car,good,151.33333333333334
22,female,2,own,little,unknown,1808,18,furniture/equipment,bad,100.44444444444444
48,male,3,own,unknown,moderate,12204,48,business,good,254.25
27,male,3,free,unknown,moderate,9157,60,radio/TV,good,152.61666666666667
37,male,2,rent,little,little,3676,6,car,good,612.6666666666666
21,female,2,rent,moderate,moderate,3441,30,furniture/equipment,bad,114.7
49,male,1,own,little,unknown,640,12,car,good,53.333333333333336
27,male,2,own,little,moderate,3652,21,business,good,173.9047619047619
32,male,2,own,little,unknown,1530,18,car,bad,85.0
38,male,2,own,unknown,unknown,3914,48,business,bad,81.54166666666667
22,female,2,rent,little,little,1858,12,furniture/equipment,good,154.83333333333334
65,male,2,free,little,little,2600,18,radio/TV,bad,144.44444444444446
35,male,2,own,unknown,unknown,1979,15,radio/TV,good,131.93333333333334
41,male,2,own,little,rich,2116,6,furniture/equipment,good,352.6666666666667
29,male,2,own,moderate,moderate,1437,9,car,bad,159.66666666666666
36,male,2,own,quite rich,unknown,4042,42,furniture/equipment,good,96.23809523809524
64,male,1,own,unknown,unknown,3832,9,education,good,425.77777777777777
28,female,2,own,little,little,3660,24,radio/TV,good,152.5
44,male,2,own,little,little,1553,18,furniture/equipment,bad,86.27777777777777
23,male,2,own,unknown,moderate,1444,15,radio/TV,good,96.26666666666667
19,female,2,rent,little,unknown,1980,9,furniture/equipment,bad,220.0
25,female,1,own,little,moderate,1355,24,car,bad,56.458333333333336
47,male,2,own,little,unknown,1393,12,education,good,116.08333333333333
28,female,2,own,quite rich,unknown,1376,24,radio/TV,good,57.333333333333336
21,male,2,own,little,unknown,15653,60,radio/TV,good,260.8833333333333
34,female,2,own,little,unknown,1493,12,radio/TV,good,124.41666666666667
26,male,2,own,little,little,4370,42,radio/TV,bad,104.04761904761905
27,female,0,own,little,little,750,18,education,bad,41.666666666666664
38,male,1,own,little,moderate,1308,15,repairs,good,87.2
40,male,3,own,moderate,unknown,4623,15,education,bad,308.2
33,male,2,own,little,unknown,1851,24,radio/TV,good,77.125
32,male,3,own,little,little,1880,18,radio/TV,good,104.44444444444444
27,male,2,rent,unknown,unknown,7980,36,business,bad,221.66666666666666
32,male,2,own,little,little,4583,30,furniture/equipment,good,152.76666666666668
26,female,2,own,quite rich,unknown,1386,12,car,bad,115.5
38,male,2,free,little,rich,947,24,car,bad,39.458333333333336
40,male,1,rent,little,little,684,12,education,bad,57.0
50,male,3,free,little,little,7476,48,education,good,155.75
37,male,1,own,little,moderate,1922,12,furniture/equipment,bad,160.16666666666666
45,male,2,own,little,little,2303,24,car,bad,95.95833333333333
42,male,3,own,moderate,moderate,8086,36,car,bad,224.61111111111111
35,male,2,own,little,unknown,2346,24,car,good,97.75
22,male,2,free,little,little,3973,14,car,good,283.7857142857143
41,male,1,own,little,moderate,888,12,car,bad,74.0
37,male,2,own,unknown,unknown,10222,48,radio/TV,good,212.95833333333334
28,female,2,own,little,moderate,4221,30,business,good,140.7
41,male,2,own,little,moderate,6361,18,furniture/equipment,good,353.3888888888889
23,male,2,rent,little,rich,1297,12,radio/TV,good,108.08333333333333
23,male,2,own,unknown,little,900,12,car,bad,75.0
50,male,2,own,little,unknown,2241,21,furniture/equipment,good,106.71428571428571
35,male,3,own,little,moderate,1050,6,furniture/equipment,good,175.0
50,female,1,own,little,rich,1047,6,education,good,174.5
27,male,3,own,little,unknown,6314,24,vacation/others,good,263.0833333333333
34,male,2,own,rich,moderate,3496,30,furniture/equipment,good,116.53333333333333
27,female,2,own,little,unknown,3609,48,business,good,75.1875
43,male,2,rent,little,little,4843,12,car,bad,403.5833333333333
47,male,2,own,little,rich,3017,30,radio/TV,good,100.56666666666666
27,male,1,own,moderate,unknown,4139,24,business,good,172.45833333333334
31,male,2,own,moderate,unknown,5742,36,business,good,159.5
42,male,3,own,little,unknown,10366,60,car,good,172.76666666666668
24,male,2,own,quite rich,unknown,2080,6,car,good,346.6666666666667
41,male,1,own,quite rich,unknown,2580,21,business,bad,122.85714285714286
26,female,3,rent,little,unknown,4530,30,radio/TV,good,151.0
33,male,2,own,little,unknown,5150,24,furniture/equipment,good,214.58333333333334
24,male,2,own,moderate,moderate,5595,72,radio/TV,bad,77.70833333333333
64,male,1,rent,little,little,2384,24,radio/TV,good,99.33333333333333
26,female,2,own,little,unknown,1453,18,radio/TV,good,80.72222222222223
56,female,2,own,little,unknown,1538,6,education,good,256.3333333333333
37,male,2,free,unknown,unknown,2279,12,radio/TV,good,189.91666666666666
33,male,2,own,little,unknown,1478,15,radio/TV,good,98.53333333333333
47,male,2,free,little,unknown,5103,24,radio/TV,good,212.625
31,male,1,own,moderate,moderate,9857,36,business,good,273.80555555555554
34,male,2,free,unknown,unknown,6527,60,car,good,108.78333333333333
27,male,2,own,unknown,rich,1347,10,radio/TV,good,134.7
30,male,2,free,moderate,moderate,2862,36,car,good,79.5
35,male,2,own,moderate,unknown,2753,9,radio/TV,good,305.8888888888889
31,male,2,own,rich,little,3651,12,car,good,304.25
25,male,2,own,little,little,975,15,furniture/equipment,good,65.0
25,female,1,own,moderate,moderate,2631,15,repairs,good,175.4
29,male,2,own,moderate,moderate,2896,24,radio/TV,good,120.66666666666667
44,male,1,own,unknown,little,4716,6,car,good,786.0
28,male,2,own,little,unknown,2284,24,radio/TV,good,95.16666666666667
50,male,2,rent,quite rich,unknown,1236,6,car,good,206.0
29,male,2,own,little,moderate,1103,12,radio/TV,good,91.91666666666667
38,female,0,own,little,unknown,926,12,car,good,77.16666666666667
24,male,2,own,little,unknown,1800,18,radio/TV,good,100.0
40,male,3,rent,little,rich,1905,15,education,good,127.0
29,female,1,rent,quite rich,unknown,1123,12,furniture/equipment,bad,93.58333333333333
46,male,2,free,little,little,6331,48,car,bad,131.89583333333334
47,female,2,free,moderate,rich,1377,24,radio/TV,good,57.375
41,male,2,own,moderate,moderate,2503,30,business,good,83.43333333333334
32,female,2,own,little,moderate,2528,27,business,good,93.62962962962963
35,female,2,free,quite rich,unknown,5324,15,car,good,354.93333333333334
24,male,2,own,moderate,moderate,6560,48,car,bad,136.66666666666666
25,female,2,rent,little,moderate,2969,12,furniture/equipment,bad,247.41666666666666
25,female,2,own,little,moderate,1206,9,radio/TV,good,134.0
37,male,1,own,little,moderate,2118,9,radio/TV,good,235.33333333333334
32,male,3,own,quite rich,unknown,629,18,radio/TV,good,34.94444444444444
35,female,2,free,little,little,1198,6,education,bad,199.66666666666666
46,male,3,own,unknown,unknown,2476,21,car,good,117.9047619047619
25,male,1,own,little,little,1138,9,radio/TV,good,126.44444444444444
27,male,3,own,little,moderate,14027,60,car,bad,233.78333333333333
63,male,2,own,unknown,unknown,7596,30,car,good,253.2
40,male,2,own,unknown,unknown,3077,30,radio/TV,good,102.56666666666666
32,male,3,free,little,unknown,1505,18,radio/TV,good,83.61111111111111
31,male,2,own,unknown,rich,3148,24,radio/TV,good,131.16666666666666
31,male,2,own,moderate,moderate,6148,20,car,good,307.4
34,male,3,own,little,rich,1337,9,radio/TV,bad,148.55555555555554
24,female,2,rent,rich,moderate,433,6,education,bad,72.16666666666667
24,female,1,own,little,little,1228,12,car,bad,102.33333333333333
66,female,1,own,quite rich,moderate,790,9,radio/TV,good,87.77777777777777
21,female,2,rent,little,unknown,2570,27,car,bad,95.18518518518519
41,female,1,own,rich,unknown,250,6,car,good,41.666666666666664
47,male,1,own,quite rich,unknown,1316,15,radio/TV,good,87.73333333333333
25,female,2,rent,little,little,1882,18,radio/TV,bad,104.55555555555556
59,female,2,rent,little,moderate,6416,48,business,bad,133.66666666666666
36,male,2,own,rich,rich,1275,24,business,good,53.125
33,male,2,own,little,moderate,6403,24,radio/TV,good,266.7916666666667
21,male,1,rent,little,little,1987,24,radio/TV,bad,82.79166666666667
44,female,1,own,little,moderate,760,8,radio/TV,good,95.0
28,female,2,rent,rich,unknown,2603,24,car,good,108.45833333333333
37,female,2,own,little,unknown,3380,4,car,good,845.0
29,female,0,own,unknown,moderate,3990,36,domestic appliances,good,110.83333333333333
23,female,3,rent,little,moderate,11560,24,car,bad,481.6666666666667
35,male,1,own,moderate,little,4380,18,car,good,243.33333333333334
45,male,3,own,little,unknown,6761,6,car,good,1126.8333333333333
26,female,1,rent,moderate,moderate,4280,30,business,bad,142.66666666666666
32,male,2,own,moderate,little,2325,24,car,good,96.875
23,male,1,own,little,moderate,1048,10,radio/TV,good,104.8
41,male,2,own,unknown,unknown,3160,21,radio/TV,good,150.47619047619048
22,male,2,own,quite rich,little,2483,24,furniture/equipment,good,103.45833333333333
30,male,3,own,unknown,little,14179,39,furniture/equipment,good,363.56410256410254
28,male,1,own,little,little,1797,13,business,good,138.23076923076923
23,female,2,rent,little,little,2511,15,car,good,167.4
37,female,1,own,little,little,1274,12,car,bad,106.16666666666667
26,male,2,own,unknown,unknown,5248,21,car,good,249.9047619047619
33,male,2,own,little,unknown,3029,15,car,good,201.93333333333334
49,female,2,own,little,little,428,6,furniture/equipment,good,71.33333333333333
23,female,1,own,little,little,976,18,car,bad,54.22222222222222
23,female,1,rent,moderate,moderate,841,12,business,good,70.08333333333333
25,female,2,own,little,unknown,5771,30,radio/TV,good,192.36666666666667
55,male,2,free,rich,unknown,1555,12,repairs,bad,129.58333333333334
32,female,2,rent,unknown,little,1285,24,car,bad,53.541666666666664
74,male,0,own,little,rich,1299,6,car,good,216.5
39,male,2,free,unknown,rich,1271,15,radio/TV,bad,84.73333333333333
31,male,2,own,little,unknown,1393,24,car,good,58.041666666666664
35,male,2,own,little,little,691,12,car,bad,57.583333333333336
59,female,2,own,unknown,unknown,5045,15,car,good,336.3333333333333
24,female,2,rent,little,little,2124,18,furniture/equipment,bad,118.0
24,male,1,own,little,little,2214,12,radio/TV,good,184.5
30,male,3,free,unknown,unknown,12680,21,car,bad,603.8095238095239
27,male,2,own,moderate,unknown,2463,24,car,good,102.625
40,male,1,own,little,moderate,1155,12,radio/TV,good,96.25
31,male,1,own,little,little,3108,30,furniture/equipment,bad,103.6
31,female,2,rent,unknown,unknown,2901,10,car,good,290.1
28,male,2,rent,little,moderate,3617,12,furniture/equipment,good,301.4166666666667
63,male,1,own,little,unknown,1655,12,radio/TV,good,137.91666666666666
26,female,2,rent,unknown,little,2812,24,car,good,117.16666666666667
25,female,3,own,little,little,8065,36,education,bad,224.02777777777777
36,male,3,own,little,unknown,3275,21,car,good,155.95238095238096
52,male,2,own,moderate,unknown,2223,24,radio/TV,good,92.625
66,male,0,free,quite rich,rich,1480,12,car,good,123.33333333333333
25,female,2,rent,unknown,little,1371,24,car,bad,57.125
37,male,2,own,little,unknown,3535,36,car,good,98.19444444444444
25,female,2,own,little,little,3509,18,radio/TV,good,194.94444444444446
38,male,3,own,rich,unknown,5711,36,car,good,158.63888888888889
67,female,2,own,little,moderate,3872,18,repairs,good,215.11111111111111
25,male,2,own,little,moderate,4933,39,radio/TV,bad,126.48717948717949
60,male,2,own,rich,unknown,1940,24,car,good,80.83333333333333
31,male,1,own,little,moderate,1410,12,education,good,117.5
23,female,1,own,moderate,moderate,836,12,car,bad,69.66666666666667
60,male,3,own,unknown,moderate,6468,20,car,good,323.4
35,male,1,own,rich,moderate,1941,18,business,good,107.83333333333333
40,male,2,own,quite rich,unknown,2675,22,radio/TV,good,121.5909090909091
38,male,2,own,unknown,unknown,2751,48,car,good,57.3125
50,male,2,free,little,moderate,6224,48,education,bad,129.66666666666666
27,male,2,own,little,little,5998,40,education,bad,149.95
39,female,2,own,little,moderate,1188,21,business,bad,56.57142857142857
41,male,3,own,unknown,unknown,6313,24,car,good,263.0416666666667
27,male,2,own,unknown,unknown,1221,6,furniture/equipment,good,203.5
51,male,2,free,little,rich,2892,24,furniture/equipment,good,120.5
32,male,2,rent,quite rich,unknown,3062,24,furniture/equipment,good,127.58333333333333
22,female,2,rent,moderate,unknown,2301,9,furniture/equipment,good,255.66666666666666
51,male,2,free,unknown,little,7511,18,car,bad,417.27777777777777
22,female,1,rent,little,unknown,1258,12,furniture/equipment,good,104.83333333333333
54,male,2,own,unknown,unknown,717,24,car,good,29.875
35,male,0,own,unknown,moderate,1549,9,car,good,172.11111111111111
54,male,2,free,little,unknown,1597,24,education,good,66.54166666666667
48,female,1,rent,little,moderate,1795,18,radio/TV,good,99.72222222222223
24,female,2,own,little,little,4272,20,furniture/equipment,good,213.6
35,male,2,own,unknown,unknown,976,12,radio/TV,good,81.33333333333333
24,female,0,rent,unknown,moderate,7472,12,car,good,622.6666666666666
24,male,2,own,little,little,9271,36,car,bad,257.52777777777777
26,male,1,own,little,moderate,590,6,radio/TV,good,98.33333333333333
65,male,2,own,unknown,unknown,930,12,radio/TV,good,77.5
55,male,3,free,little,moderate,9283,42,car,good,221.02380952380952
26,female,0,rent,little,moderate,1778,15,car,bad,118.53333333333333
26,male,2,own,little,moderate,907,8,business,good,113.375
28,male,1,own,little,moderate,484,6,radio/TV,good,80.66666666666667
24,male,2,own,little,little,9629,36,car,bad,267.47222222222223
54,male,2,own,little,little,3051,48,domestic appliances,bad,63.5625
46,male,2,free,little,little,3931,48,car,bad,81.89583333333333
54,female,2,rent,little,moderate,7432,36,car,good,206.44444444444446
62,male,2,own,quite rich,unknown,1338,6,domestic appliances,good,223.0
24,female,2,rent,little,unknown,1554,6,radio/TV,good,259.0
43,male,3,own,little,little,15857,36,vacation/others,good,440.47222222222223
26,male,2,own,little,little,1345,18,radio/TV,bad,74.72222222222223
27,male,2,own,little,unknown,1101,12,car,good,91.75
24,male,2,own,little,rich,3016,12,radio/TV,good,251.33333333333334
41,male,2,own,little,little,2712,36,furniture/equipment,bad,75.33333333333333
47,male,1,own,little,little,731,8,car,good,91.375
35,male,3,own,little,unknown,3780,18,furniture/equipment,good,210.0
30,male,2,own,little,little,1602,21,car,good,76.28571428571429
33,female,2,rent,little,little,3966,18,car,bad,220.33333333333334
36,male,2,own,little,unknown,4165,18,business,bad,231.38888888888889
47,male,2,free,unknown,little,8335,36,car,bad,231.52777777777777
38,male,2,free,unknown,moderate,6681,48,business,good,139.1875
44,male,2,own,quite rich,unknown,2375,24,business,good,98.95833333333333
23,female,2,rent,little,little,1216,18,car,bad,67.55555555555556
29,male,2,rent,little,little,11816,45,business,bad,262.5777777777778
42,female,2,own,unknown,moderate,5084,24,radio/TV,good,211.83333333333334
25,female,1,own,little,rich,2327,15,radio/TV,bad,155.13333333333333
48,male,2,own,little,little,1082,12,car,bad,90.16666666666667
21,female,2,own,unknown,unknown,886,12,radio/TV,good,73.83333333333333
23,female,1,rent,little,unknown,601,4,furniture/equipment,good,150.25
63,male,2,own,little,little,2957,24,car,good,123.20833333333333
46,male,2,own,little,unknown,2611,24,radio/TV,good,108.79166666666667
29,male,2,own,little,little,5179,36,furniture/equipment,bad,143.86111111111111
28,male,1,own,little,unknown,2993,21,car,good,142.52380952380952
23,female,2,own,little,unknown,1943,18,repairs,bad,107.94444444444444
50,male,2,own,little,unknown,1559,24,business,good,64.95833333333333
47,male,2,own,little,unknown,3422,18,furniture/equipment,good,190.11111111111111
35,male,2,own,unknown,moderate,3976,21,furniture/equipment,good,189.33333333333334
68,male,2,rent,unknown,unknown,6761,18,car,bad,375.6111111111111
28,male,2,own,little,unknown,1249,24,car,good,52.041666666666664
59,male,2,own,little,little,1364,9,radio/TV,good,151.55555555555554
57,male,1,own,little,little,709,12,radio/TV,bad,59.083333333333336
33,male,2,rent,little,little,2235,20,car,bad,111.75
43,male,2,own,unknown,unknown,4042,24,car,good,168.41666666666666
35,male,2,free,little,unknown,1471,15,radio/TV,good,98.06666666666666
32,male,1,free,little,little,1442,18,car,bad,80.11111111111111
45,male,2,own,little,unknown,10875,36,car,good,302.0833333333333
33,male,2,own,moderate,unknown,1474,24,car,good,61.416666666666664
40,female,2,own,unknown,unknown,894,10,education,good,89.4
28,male,2,free,little,unknown,3343,15,furniture/equipment,good,222.86666666666667
29,female,2,own,little,little,3959,15,car,bad,263.93333333333334
26,male,2,rent,moderate,unknown,3577,9,car,good,397.44444444444446
27,male,2,own,rich,unknown,5804,24,car,good,241.83333333333334
28,male,2,own,little,unknown,2169,18,business,bad,120.5
35,female,2,own,little,little,2439,24,radio/TV,bad,101.625
32,male,1,own,rich,unknown,4526,27,furniture/equipment,good,167.62962962962962
25,male,1,rent,little,unknown,2210,10,furniture/equipment,bad,221.0
20,female,2,rent,quite rich,unknown,2221,15,furniture/equipment,good,148.06666666666666
27,female,2,own,little,little,2389,18,radio/TV,good,132.72222222222223
42,male,2,own,little,unknown,3331,12,furniture/equipment,good,277.5833333333333
37,male,2,own,unknown,unknown,7409,36,business,good,205.80555555555554
24,female,2,rent,little,little,652,12,furniture/equipment,good,54.333333333333336
40,female,2,own,quite rich,unknown,7678,36,furniture/equipment,good,213.27777777777777
46,male,2,own,little,rich,1343,6,car,good,223.83333333333334
26,male,2,own,moderate,little,1382,24,business,good,57.583333333333336
24,female,2,own,unknown,unknown,874,15,domestic appliances,good,58.266666666666666
29,male,1,own,little,little,3590,12,furniture/equipment,good,299.1666666666667
40,female,2,own,rich,moderate,1322,11,car,good,120.18181818181819
36,male,3,free,little,little,1940,18,radio/TV,good,107.77777777777777
28,male,2,own,little,unknown,3595,36,radio/TV,good,99.86111111111111
27,male,3,free,little,little,1422,9,car,bad,158.0
36,male,2,own,unknown,unknown,6742,30,radio/TV,good,224.73333333333332
38,male,3,own,little,unknown,7814,24,car,good,325.5833333333333
48,male,2,free,unknown,unknown,9277,24,car,good,386.5416666666667
36,male,2,own,unknown,moderate,2181,30,car,good,72.7
65,female,0,own,little,unknown,1098,18,radio/TV,good,61.0
43,male,2,own,little,moderate,4057,24,furniture/equipment,bad,169.04166666666666
53,female,2,own,little,little,795,12,education,bad,66.25
34,male,2,own,unknown,moderate,2825,24,business,good,117.70833333333333
23,male,2,own,little,moderate,15672,48,business,bad,326.5
34,male,3,own,little,unknown,6614,36,car,good,183.72222222222223
40,male,2,rent,unknown,unknown,7824,28,car,good,279.42857142857144
43,male,3,own,little,little,2442,27,business,good,90.44444444444444
46,male,2,own,little,unknown,1829,15,radio/TV,good,121.93333333333334
38,male,1,own,little,little,2171,12,car,good,180.91666666666666
34,male,2,own,little,moderate,5800,36,car,good,161.11111111111111
29,male,2,own,unknown,unknown,1169,18,radio/TV,good,64.94444444444444
31,male,3,own,unknown,unknown,8947,36,car,good,248.52777777777777
28,female,3,rent,little,little,2606,21,radio/TV,good,124.0952380952381
35,female,2,own,rich,unknown,1592,12,furniture/equipment,good,132.66666666666666
33,female,1,rent,unknown,unknown,2186,15,furniture/equipment,good,145.73333333333332
42,male,2,own,little,little,4153,18,furniture/equipment,bad,230.72222222222223
43,male,2,rent,little,little,2625,16,car,bad,164.0625
44,male,2,own,unknown,unknown,3485,20,car,good,174.25
42,male,2,free,unknown,unknown,10477,36,car,good,291.02777777777777
40,male,2,rent,unknown,unknown,1386,15,radio/TV,good,92.4
36,male,3,own,little,unknown,1278,24,radio/TV,good,53.25
20,male,3,rent,little,little,1107,12,radio/TV,good,92.25
24,male,1,own,unknown,little,3763,21,car,good,179.1904761904762
27,male,2,own,unknown,moderate,3711,36,education,good,103.08333333333333
46,female,1,own,little,unknown,3594,15,car,good,239.6
33,female,1,own,unknown,moderate,3195,9,car,good,355.0
34,female,2,own,little,unknown,4454,36,radio/TV,good,123.72222222222223
25,female,1,own,little,moderate,4736,24,furniture/equipment,bad,197.33333333333334
25,female,2,own,unknown,moderate,2991,30,radio/TV,good,99.7
28,male,2,own,rich,unknown,2142,11,business,good,194.72727272727272
31,male,2,rent,little,little,3161,24,business,bad,131.70833333333334
32,female,3,own,little,moderate,18424,48,vacation/others,bad,383.8333333333333
32,male,2,own,moderate,unknown,2848,10,car,good,284.8
68,male,3,own,little,little,14896,6,car,bad,2482.6666666666665
33,male,2,own,moderate,little,2359,24,furniture/equipment,bad,98.29166666666667
39,male,3,rent,little,little,3345,24,furniture/equipment,bad,139.375
28,female,2,own,little,unknown,1817,18,furniture/equipment,good,100.94444444444444
37,male,3,own,quite rich,unknown,12749,48,radio/TV,good,265.6041666666667
22,female,2,rent,little,little,1366,9,radio/TV,bad,151.77777777777777
30,male,2,rent,little,moderate,2002,12,car,good,166.83333333333334
55,male,2,own,little,little,6872,24,furniture/equipment,bad,286.3333333333333
46,male,2,own,little,little,697,12,car,bad,58.083333333333336
21,female,2,rent,little,little,1049,18,furniture/equipment,good,58.27777777777778
39,male,2,free,little,little,10297,48,car,bad,214.52083333333334
58,male,2,own,unknown,unknown,1867,30,radio/TV,good,62.233333333333334
43,male,1,own,little,little,1344,12,car,good,112.0
24,male,1,own,little,little,1747,24,furniture/equipment,good,72.79166666666667
22,female,2,own,little,moderate,1670,9,radio/TV,bad,185.55555555555554
30,male,2,own,little,unknown,1224,9,car,good,136.0
42,male,2,own,quite rich,unknown,522,12,radio/TV,good,43.5
23,female,2,own,little,little,1498,12,radio/TV,good,124.83333333333333
30,male,3,own,moderate,moderate,1919,30,radio/TV,bad,63.96666666666667
28,female,1,own,little,rich,745,9,radio/TV,bad,82.77777777777777
30,male,3,rent,little,moderate,2063,6,radio/TV,good,343.8333333333333
42,male,2,free,little,moderate,6288,60,education,bad,104.8
46,male,3,own,unknown,unknown,6842,24,car,good,285.0833333333333
45,male,3,own,unknown,unknown,3527,12,car,good,293.9166666666667
31,male,1,own,little,unknown,1546,10,car,good,154.6
31,male,2,own,unknown,unknown,929,24,furniture/equipment,good,38.708333333333336
42,male,1,own,little,unknown,1455,4,car,good,363.75
46,female,2,rent,little,little,1845,15,furniture/equipment,good,123.0
30,female,2,own,quite rich,moderate,8358,48,car,good,174.125
30,male,2,free,quite rich,little,3349,24,furniture/equipment,bad,139.54166666666666
38,male,3,own,unknown,unknown,2859,12,car,good,238.25
43,male,1,own,little,unknown,1533,18,furniture/equipment,bad,85.16666666666667
31,male,2,own,moderate,unknown,3621,24,radio/TV,bad,150.875
40,male,0,own,little,moderate,3590,18,business,good,199.44444444444446
24,male,2,own,little,little,2145,36,business,bad,59.583333333333336
28,female,2,rent,quite rich,moderate,4113,24,car,bad,171.375
26,female,3,own,little,unknown,10974,36,furniture/equipment,bad,304.8333333333333
29,female,2,own,little,little,1893,12,car,good,157.75
57,female,3,rent,rich,little,1231,24,radio/TV,good,51.291666666666664
49,male,1,own,unknown,rich,3656,30,radio/TV,good,121.86666666666666
37,male,1,own,little,moderate,1154,9,radio/TV,good,128.22222222222223
45,male,1,own,little,little,4006,28,car,bad,143.07142857142858
30,male,2,free,moderate,moderate,3069,24,furniture/equipment,good,127.875
30,male,2,rent,little,unknown,1740,6,radio/TV,good,290.0
47,male,2,own,little,moderate,2353,21,car,good,112.04761904761905
29,male,2,own,unknown,unknown,3556,15,car,good,237.06666666666666
35,male,2,own,quite rich,unknown,2397,24,radio/TV,bad,99.875
22,male,1,own,little,moderate,454,6,repairs,good,75.66666666666667
26,female,2,own,unknown,moderate,1715,30,radio/TV,good,57.166666666666664
23,male,1,own,quite rich,moderate,2520,27,radio/TV,bad,93.33333333333333
54,female,3,rent,little,unknown,3568,15,radio/TV,good,237.86666666666667
29,male,2,rent,unknown,unknown,7166,42,radio/TV,good,170.61904761904762
40,male,1,own,little,little,3939,11,car,good,358.09090909090907
22,male,2,own,moderate,moderate,1514,15,repairs,good,100.93333333333334
43,male,1,own,little,unknown,7393,24,car,good,308.0416666666667
29,female,0,rent,little,little,1193,24,car,bad,49.708333333333336
36,male,2,rent,little,little,7297,60,business,bad,121.61666666666666
33,female,2,own,little,unknown,2831,30,radio/TV,good,94.36666666666666
57,female,1,own,quite rich,rich,1258,24,radio/TV,good,52.416666666666664
64,female,2,own,little,moderate,753,6,radio/TV,good,125.5
42,male,2,own,unknown,moderate,2427,18,business,good,134.83333333333334
47,male,1,own,little,unknown,2538,24,car,bad,105.75
25,male,2,rent,moderate,moderate,1264,15,car,bad,84.26666666666667
49,male,2,own,little,moderate,8386,30,furniture/equipment,bad,279.53333333333336
33,male,3,rent,little,unknown,4844,48,business,bad,100.91666666666667
28,female,3,own,moderate,rich,2923,21,car,good,139.1904761904762
26,male,2,own,little,little,8229,36,car,bad,228.58333333333334
30,male,1,own,little,unknown,2028,24,furniture/equipment,good,84.5
25,female,2,rent,little,little,1433,15,furniture/equipment,good,95.53333333333333
33,male,2,own,little,rich,6289,42,business,good,149.73809523809524
64,female,2,own,moderate,unknown,1409,13,radio/TV,good,108.38461538461539
29,male,3,free,little,little,6579,24,car,good,274.125
48,male,1,own,little,moderate,1743,24,radio/TV,good,72.625
37,male,1,own,unknown,unknown,3565,12,education,good,297.0833333333333
34,male,1,own,moderate,unknown,1569,15,radio/TV,good,104.6
23,male,1,rent,unknown,little,1936,18,radio/TV,good,107.55555555555556
30,male,3,own,little,little,3959,36,furniture/equipment,good,109.97222222222223
50,male,2,own,unknown,unknown,2390,12,car,good,199.16666666666666
31,female,1,own,little,unknown,1736,12,furniture/equipment,good,144.66666666666666
40,male,3,own,little,little,3857,30,car,good,128.56666666666666
38,male,2,own,little,unknown,804,12,radio/TV,good,67.0
23,male,2,free,little,little,1845,45,radio/TV,bad,41.0
27,male,2,own,moderate,moderate,4576,45,car,good,101.68888888888888
